<?xml version='1.0' encoding='UTF-8' ?>
<timeLogEntries>
  <time id="1" path="/Pagina cobro/PSP0/Code" start="@1726207653309" delta="52" />
  <time id="2" path="/Pagina cobro/PSP0/Code" start="@1726275851555" delta="61" />
  <time id="3" path="/Pagina cobro/PSP0/Planning" start="@1726205700000" delta="12" />
  <time id="4" path="/Pagina cobro/PSP0/Test" start="@1726344728205" delta="10" />
  <time id="5" path="/Pagina cobro/PSP0/Test" start="@1726348078461" delta="7" />
  <time id="6" path="/Pagina cobro/PSP1/Planning" start="@1728691485613" delta="20" />
  <time id="7" path="/Pagina cobro/PSP1/Design" start="@1728775842373" delta="12" />
  <time id="8" path="/Pagina cobro/PSP1/Code" start="@1728781187695" delta="8" />
  <time id="9" path="/Pagina cobro/PSP1/Compile" start="@1728782168775" delta="1" />
  <time id="10" path="/Pagina cobro/PSP1/Test" start="@1728782300089" delta="1" />
</timeLogEntries>
